PLAYER_ID,NAME,TEAM,PTS,REB,AST,FG3M,BLK,STL,TOV,PRA,PR,PA,RA,SB,FGM,FTM,FTA
1628970,Miles Bridges,CHA,10.9,5.9,3.3,0.8,0.5,0.7,1.6,20.0,16.5,14.9,9.7,1.2,4.3,1.7,2.4
1630163,LaMelo Ball,CHA,15.4,4.7,7.2,2.2,0.3,1.2,2.6,28.3,19.7,24.4,12.2,1.6,5.6,1.9,2.3
1629684,Grant Williams,BOS,12.1,3.8,1.6,2.3,0.4,0.7,1.0,17.3,15.4,13.1,5.7,1.0,4.2,1.5,1.7
1629632,Coby White,CHI,18.7,4.0,4.9,2.2,0.2,0.9,2.4,27.6,22.4,24.1,8.8,1.0,7.1,3.6,4.4
1642883,Sion James,CHA,7.0,2.6,1.4,1.6,0.2,0.5,0.9,11.0,8.4,8.5,3.8,0.6,2.7,0.1,0.2
1642851,Kon Knueppel,CHA,23.9,5.6,3.9,4.4,0.3,0.8,2.1,35.1,30.0,27.9,9.6,1.1,8.5,3.0,3.1
1630182,Josh Green,DAL,10.1,2.6,1.6,1.9,0.2,1.0,0.8,14.0,12.4,11.8,4.3,1.2,3.4,1.5,2.3
1641750,Ryan Kalkbrenner,CHA,6.5,5.6,0.8,-0.1,1.4,0.6,0.9,13.4,12.8,6.9,6.3,2.0,3.2,0.4,0.9
1641810,Antonio Reeves,NOP,0.1,0.2,0.2,-0.0,0.1,0.1,0.1,0.8,0.3,0.2,0.5,0.1,0.1,0.0,0.0
1631217,Moussa Diabaté,LAC,0.1,6.5,1.2,-0.0,0.4,0.5,0.9,6.5,5.8,1.6,6.3,1.2,0.2,0.1,0.5
1641790,PJ Hall,DEN,4.2,3.9,0.6,0.1,0.7,0.3,0.8,7.0,7.1,4.1,4.1,1.0,2.0,0.2,0.3
1641787,Tosan Evbuomwan,MEM,-0.1,0.7,0.3,-0.0,0.1,0.1,0.2,1.0,0.8,0.1,1.1,0.3,-0.0,0.0,0.1
1626192,Pat Connaughton,MIL,0.1,0.5,0.4,-0.0,0.1,0.1,0.3,0.5,0.0,0.8,0.8,0.1,-0.0,-0.0,0.0
1630544,Tre Mann,OKC,5.4,2.6,2.4,0.9,0.2,0.7,0.9,10.7,8.2,8.4,5.2,0.8,2.2,0.6,0.7
1641706,Brandon Miller,CHA,23.6,5.4,3.1,3.2,0.7,1.1,2.5,33.1,32.4,29.7,8.9,1.7,8.3,3.6,4.7
1630214,Xavier Tillman,MEM,-0.1,0.6,0.2,-0.1,0.2,0.2,0.2,0.9,0.7,0.0,1.0,0.3,-0.0,0.0,0.1
1642275,Tidjane Salaün,CHA,4.9,3.8,0.7,0.8,0.3,0.3,0.7,7.6,7.3,4.8,4.4,0.6,1.9,0.1,0.3
1642862,Liam McNeeley,CHA,0.0,0.6,0.3,0.0,0.1,0.1,0.2,1.0,0.8,0.6,0.9,0.2,0.0,0.0,0.0
1630228,Jonathan Kuminga,GSW,13.6,3.1,1.6,1.1,0.4,0.4,1.2,17.3,14.9,15.2,4.4,0.8,4.1,2.4,2.8
1642484,RayJ Dennis,IND,0.0,0.5,0.4,-0.0,0.1,0.1,0.3,0.9,0.4,0.3,0.7,0.1,0.0,0.0,0.0
1630552,Jalen Johnson,ATL,25.0,12.0,7.9,2.0,0.6,1.2,3.5,39.6,34.3,28.9,16.4,1.7,9.7,4.3,6.5
1630811,Keaton Wallace,ATL,3.4,0.4,0.6,1.1,0.1,0.2,0.3,4.2,3.4,4.7,0.7,0.2,1.3,0.0,0.0
203468,CJ McCollum,NOP,21.6,3.7,3.3,3.2,0.5,0.9,1.7,30.0,26.6,26.8,7.1,1.4,7.6,2.3,2.7
1629216,Gabe Vincent,MIA,2.0,1.6,1.5,0.1,0.1,0.6,0.6,4.9,3.4,2.8,3.0,0.7,0.8,0.3,0.3
1630700,Dyson Daniels,NOP,6.5,5.5,5.0,0.2,0.4,1.5,1.4,17.3,12.8,11.9,11.1,1.8,2.5,1.2,1.0
1629638,Nickeil Alexander-Walker,UTA,19.3,3.7,5.1,2.6,0.5,1.1,2.2,28.0,23.3,22.9,9.2,1.6,6.7,2.6,3.3
1627741,Buddy Hield,IND,0.3,1.5,1.1,0.0,0.2,0.5,0.7,2.7,1.7,1.0,3.0,0.7,0.0,0.1,0.3
1631132,Christian Koloko,TOR,2.3,4.2,0.9,0.1,0.9,0.4,0.6,7.6,6.6,3.3,5.2,1.2,0.7,0.8,1.9
1642258,Zaccharie Risacher,ATL,2.6,3.9,1.0,0.2,0.5,0.5,0.9,9.0,7.1,4.0,4.9,1.1,1.0,0.3,0.5
1642854,Asa Newell,ATL,1.9,2.8,0.7,0.0,0.4,0.6,0.6,5.6,4.8,2.6,3.6,1.0,0.8,0.4,0.7
1630168,Onyeka Okongwu,ATL,16.4,7.6,2.7,1.8,0.9,0.9,2.0,25.5,23.8,18.1,11.4,2.1,6.0,2.5,4.1
1631243,Mouhamed Gueye,ATL,8.5,5.1,1.2,0.8,0.6,0.9,0.7,14.4,13.5,9.7,6.7,1.5,3.2,1.3,2.3
1630557,Corey Kispert,WAS,10.3,3.0,2.0,1.3,0.2,0.6,1.1,15.1,13.6,12.0,4.7,0.8,3.7,1.6,2.1
1629111,Jock Landale,PHX,17.7,6.5,2.1,1.9,0.7,0.6,1.4,26.7,23.4,19.3,8.7,1.5,6.6,2.1,2.5
1631216,Caleb Houstan,ORL,3.3,0.5,0.3,1.3,0.1,0.1,0.3,3.5,3.4,3.0,0.6,0.1,1.0,-0.0,0.0
201935,James Harden,PHI,23.4,5.3,8.9,3.0,0.6,1.3,3.5,37.0,28.4,32.0,14.8,1.9,8.0,5.2,6.3
1629622,Max Strus,MIA,12.0,4.0,3.1,2.6,0.3,0.7,1.3,17.7,16.0,16.3,7.1,0.9,4.6,1.3,1.9
1628418,Thomas Bryant,LAL,9.6,5.0,1.1,1.0,0.6,0.5,0.7,15.0,14.2,9.9,6.3,1.2,3.3,1.8,2.8
1630596,Evan Mobley,CLE,17.5,9.0,3.0,0.7,1.6,0.9,2.1,29.4,26.6,21.7,12.5,2.4,7.0,3.1,4.5
1630241,Sam Merrill,CLE,9.8,1.7,2.1,3.4,0.2,0.6,0.7,13.1,12.2,11.3,3.9,0.6,3.7,-0.0,-0.2
203471,Dennis Schröder,LAL,5.4,2.4,4.3,0.5,0.2,0.8,1.8,11.9,7.9,10.3,6.3,0.9,1.9,0.9,1.6
1641854,Craig Porter Jr.,CLE,-0.0,1.3,1.6,0.0,0.2,0.4,0.6,4.4,1.5,1.7,3.5,0.7,0.0,0.0,0.1
1631165,Keon Ellis,SAC,2.1,2.5,1.1,0.1,0.5,0.9,0.5,5.8,4.8,3.4,3.7,1.4,0.9,0.2,0.4
1641801,Emanuel Miller,CHI,-0.0,0.5,0.3,0.0,0.1,0.1,0.2,0.6,0.3,0.3,0.6,0.1,-0.0,-0.0,0.0
1642281,Jaylon Tyson,CLE,16.9,5.0,3.0,2.3,0.3,0.8,1.6,25.6,21.6,19.6,8.2,1.1,6.0,2.7,3.1
1642400,Tristan Enaruna,CLE,3.0,2.4,1.0,0.2,0.2,0.3,0.5,6.0,5.4,3.9,2.9,0.4,1.4,0.0,0.2
1626204,Larry Nance Jr.,NOP,4.5,2.1,0.6,0.6,0.3,0.7,0.4,6.0,5.9,4.7,2.5,1.0,1.9,0.0,0.0
1642878,Tyrese Proctor,CLE,5.9,1.7,2.2,0.8,0.1,0.6,0.9,9.7,7.5,8.2,3.8,0.9,2.1,0.9,1.1
1628386,Jarrett Allen,CLE,15.6,9.8,2.0,-0.0,1.0,0.8,1.3,27.4,26.3,16.0,12.1,1.9,6.3,2.4,3.5
1629731,Dean Wade,CLE,4.0,3.5,1.1,0.8,0.4,0.8,0.5,8.5,7.5,4.6,4.4,1.2,1.5,0.0,-0.1
1641772,Nae'Qwan Tomlin,CLE,5.9,2.4,1.1,0.6,0.6,0.6,0.6,9.3,8.1,7.0,3.5,1.2,2.6,0.3,0.2
1628378,Donovan Mitchell,CLE,29.3,3.9,7.7,2.9,0.4,1.6,2.9,40.0,32.9,36.6,11.6,2.0,10.1,5.5,6.4
1642933,Keshon Gilbert,WAS,0.8,2.1,1.2,0.2,0.9,0.4,1.1,3.4,2.4,1.6,2.7,1.5,0.2,0.1,0.1
1641731,Bilal Coulibaly,WAS,8.4,4.3,2.8,0.8,0.7,1.2,1.4,16.0,12.7,11.8,7.1,2.1,3.2,1.3,1.7
1641774,Tristan Vukcevic,WAS,13.6,3.7,1.8,1.6,0.9,0.5,1.5,18.4,17.4,16.1,5.5,1.5,5.0,2.1,2.9
1641715,Cam Whitmore,HOU,2.7,3.1,0.7,0.0,0.4,0.5,0.7,6.8,6.1,3.5,4.3,0.9,1.1,0.7,2.0
1629027,Trae Young,ATL,14.1,2.7,9.9,1.1,0.2,1.1,3.3,24.6,16.9,23.7,12.3,1.1,4.4,4.4,5.0
1626156,D'Angelo Russell,MIN,6.3,1.7,3.1,0.7,0.3,0.7,1.4,10.8,7.8,7.7,4.7,1.0,2.3,0.5,0.7
1642364,Jamir Watkins,WAS,9.6,4.8,1.5,1.0,0.7,1.1,1.0,14.9,13.8,10.3,5.9,2.1,3.3,1.7,2.3
1642267,Bub Carrington,WAS,8.9,2.4,4.0,1.7,0.2,0.7,2.4,14.8,10.7,13.6,6.5,0.9,3.4,0.7,0.6
1630702,Jaden Hardy,DAL,11.7,1.9,1.6,2.2,0.2,0.5,0.8,13.7,14.9,13.1,3.1,0.6,3.7,1.2,1.5
1630551,Justin Champagnie,TOR,9.8,6.1,1.5,0.7,0.7,1.0,1.1,16.1,14.7,11.3,7.5,1.6,3.4,2.4,4.0
1642848,Tre Johnson,WAS,12.5,2.8,2.6,1.6,0.3,0.7,1.3,17.0,15.2,14.5,5.6,1.1,4.3,1.9,2.2
1630536,Sharife Cooper,WAS,14.3,3.6,2.9,2.1,0.2,0.8,1.9,22.1,18.2,19.3,6.6,0.9,5.1,2.3,2.8
1630264,Anthony Gill,WAS,7.6,3.9,1.3,0.4,0.2,0.9,0.7,14.2,12.0,10.5,5.9,1.2,2.7,1.2,1.7
1642273,Kyshawn George,WAS,12.2,4.6,3.6,1.3,0.8,1.0,1.7,22.2,17.3,17.2,8.5,1.6,4.3,1.7,2.1
1642259,Alex Sarr,WAS,11.1,8.3,2.5,0.7,1.3,0.7,1.5,20.6,18.6,12.7,10.6,1.9,3.8,2.1,3.1
203076,Anthony Davis,LAL,17.5,11.3,2.9,0.1,2.0,1.0,2.1,33.4,28.9,23.2,12.5,2.9,6.8,4.9,6.2
1642860,Will Riley,WAS,11.4,4.1,2.5,1.5,0.2,1.0,1.5,17.9,15.0,13.7,6.0,1.2,4.3,1.4,1.7
1641710,Anthony Black,ORL,21.6,3.6,3.9,2.4,0.7,1.5,1.8,27.8,25.2,25.4,7.4,1.9,7.8,3.0,3.8
1628371,Jonathan Isaac,ORL,4.1,1.5,0.5,0.1,0.4,0.4,0.4,5.1,5.0,3.9,2.3,1.3,1.1,1.6,1.8
1628975,Jevon Carter,MIL,0.2,0.9,0.5,0.0,0.1,0.2,0.2,1.4,0.9,1.0,1.3,0.3,0.1,-0.0,-0.0
1630217,Desmond Bane,MEM,27.8,3.4,3.5,4.9,0.4,1.1,2.0,38.5,32.9,34.8,7.3,1.5,10.4,3.4,3.9
1630591,Jalen Suggs,ORL,9.7,5.1,6.8,1.6,0.9,1.7,2.4,18.3,14.9,16.3,11.6,2.5,4.1,0.0,0.6
1631094,Paolo Banchero,ORL,18.5,7.6,5.2,1.1,0.6,0.9,2.9,30.3,26.2,22.6,12.7,1.5,7.1,3.6,5.7
1631115,Orlando Robinson,MIA,-0.1,1.3,0.5,-0.1,0.1,0.1,0.3,2.0,2.0,0.2,1.7,0.2,-0.0,0.0,0.1
1631288,Jamal Cain,MIA,3.3,0.6,0.2,0.9,0.1,0.1,0.2,3.9,3.7,3.2,0.7,0.1,1.1,0.0,0.1
1642859,Jase Richardson,ORL,5.3,2.2,1.7,0.6,0.2,0.5,0.7,9.2,7.4,7.0,4.2,0.7,1.9,0.7,0.7
1641724,Jett Howard,ORL,5.5,2.2,1.3,0.7,0.2,0.5,0.6,8.2,6.8,6.7,3.4,0.7,1.3,1.6,2.0
1630658,Colin Castleton,LAL,8.3,6.1,1.3,0.2,0.4,0.5,0.9,15.3,13.5,9.8,7.5,1.1,3.1,1.6,2.3
1629021,Moritz Wagner,ORL,14.1,4.6,1.0,1.5,0.3,0.7,1.1,20.9,18.9,14.9,6.4,0.9,4.7,3.0,3.9
1630532,Franz Wagner,ORL,22.1,5.5,3.5,2.0,0.3,1.0,1.7,31.3,27.2,25.6,9.2,1.4,8.7,3.1,3.7
1641783,Tristan da Silva,ORL,3.4,2.8,1.3,0.6,0.3,0.6,0.6,7.4,6.1,4.8,4.1,1.0,1.3,0.5,0.4
1628976,Wendell Carter Jr.,ORL,2.9,6.3,1.6,0.2,0.6,0.6,0.9,10.8,9.5,4.0,7.6,1.1,1.1,0.4,0.7
1629048,Goga Bitadze,IND,3.4,3.0,0.4,-0.2,0.7,0.4,0.4,6.9,6.5,3.6,3.4,1.0,1.9,0.1,0.1
1642869,Noah Penda,ORL,7.1,3.9,1.3,0.9,0.4,0.7,0.9,12.0,11.7,8.3,5.2,1.1,3.0,1.0,1.1
1630579,Jericho Sims,NYK,6.3,6.7,1.8,0.2,0.7,0.7,1.0,15.5,15.5,8.7,10.8,1.5,2.2,1.6,2.7
1626167,Myles Turner,IND,15.0,7.2,1.6,1.6,1.9,0.7,1.6,24.3,21.7,16.3,8.5,2.7,5.3,2.6,3.8
1629018,Gary Trent Jr.,TOR,11.7,2.0,1.4,2.6,0.2,1.0,0.7,16.1,14.9,13.2,3.4,0.9,4.1,1.2,1.9
1629645,Kevin Porter Jr.,HOU,20.7,5.1,7.1,1.8,0.3,1.7,3.0,34.4,26.4,29.1,12.6,2.1,8.2,3.5,4.8
1626171,Bobby Portis,MIL,19.5,6.8,2.4,2.8,0.3,0.8,1.2,27.2,25.4,22.1,9.7,1.1,6.8,2.3,2.2
203914,Gary Harris,ORL,0.3,0.8,0.6,0.0,0.1,0.3,0.3,1.2,0.6,0.7,1.7,0.5,0.1,-0.0,0.0
1627752,Taurean Prince,MIN,0.0,1.2,0.5,0.0,0.2,0.5,0.4,1.8,1.1,0.6,1.6,0.5,-0.0,-0.0,0.0
1631157,Ryan Rollins,GSW,14.2,4.2,4.8,1.8,0.3,1.4,2.7,23.8,17.9,19.5,8.5,1.5,5.0,2.6,3.2
1628398,Kyle Kuzma,WAS,9.9,6.2,4.0,0.7,0.5,0.7,2.0,21.0,16.9,13.6,10.2,1.1,4.2,1.6,2.6
1631260,AJ Green,MIL,17.5,3.1,2.0,4.4,0.2,0.7,1.0,23.3,20.8,19.6,5.1,0.9,6.1,2.0,2.0
1631172,Ousmane Dieng,OKC,2.9,2.1,1.1,0.1,0.2,0.4,0.5,6.2,5.1,3.9,2.9,0.6,1.3,0.3,0.3
1630560,Cam Thomas,BKN,5.8,1.7,3.1,0.4,0.2,0.6,1.4,9.9,6.7,8.1,4.8,0.6,1.8,2.0,2.7
203507,Giannis Antetokounmpo,MIL,30.0,11.2,5.5,0.3,0.8,0.9,3.5,50.0,44.3,36.7,16.9,1.8,11.1,6.7,9.1
1631250,Pete Nance,CLE,9.8,2.4,0.9,2.2,0.1,0.4,0.6,12.8,10.1,9.8,2.8,0.6,3.1,0.8,0.7
203648,Thanasis Antetokounmpo,MIL,-0.1,0.8,0.3,0.0,0.1,0.1,0.2,1.0,0.7,0.3,1.1,0.2,-0.0,0.0,0.1
1641748,Andre Jackson Jr.,MIL,0.0,0.7,0.5,0.0,0.1,0.2,0.3,1.3,0.7,0.6,1.4,0.2,0.0,0.0,0.0
1628369,Jayson Tatum,BOS,18.8,8.0,5.5,1.9,0.5,1.1,2.8,32.7,27.1,26.4,13.8,1.6,6.9,4.1,4.7
202696,Nikola Vučević,CHI,10.8,9.1,3.2,0.7,0.7,0.7,1.4,21.8,19.3,14.0,11.6,1.4,4.3,1.3,2.0
1627759,Jaylen Brown,BOS,23.2,7.8,4.2,1.4,0.5,1.1,2.9,36.0,31.7,27.7,12.0,1.6,8.2,4.8,7.2
1628401,Derrick White,BOS,20.6,4.1,5.7,3.4,0.9,1.0,1.8,31.0,24.3,28.7,9.9,1.8,7.2,2.8,3.8
1630202,Payton Pritchard,BOS,8.3,3.0,4.7,1.0,0.2,0.6,1.4,15.7,12.1,12.5,7.4,0.7,3.2,1.5,1.8
1631199,Ron Harper Jr.,TOR,2.7,3.3,1.2,0.3,0.4,0.5,0.6,7.8,6.3,3.8,4.4,1.0,0.7,0.9,1.8
1641775,Jordan Walsh,BOS,2.3,3.0,0.8,0.1,0.3,0.6,0.5,6.1,5.4,3.1,4.0,0.9,0.9,0.2,0.2
1642864,Hugo González,BOS,1.9,3.2,0.7,0.0,0.3,0.6,0.5,6.0,5.1,2.6,4.0,0.9,0.8,0.4,0.6
1630573,Sam Hauser,BOS,2.1,3.4,1.2,0.2,0.3,0.6,0.5,6.8,5.4,2.5,4.7,0.9,0.6,0.1,-0.0
1642917,Max Shulga,BOS,-0.0,0.3,0.2,0.0,0.1,0.1,0.1,0.4,0.3,0.1,0.5,0.1,-0.0,-0.0,0.0
1630568,Luka Garza,MIN,8.8,4.6,1.3,0.5,0.3,0.6,1.0,14.7,13.1,9.1,5.9,1.0,2.7,1.9,2.9
1631248,Baylor Scheierman,BOS,10.2,6.3,2.6,1.5,0.4,0.8,1.1,19.7,17.6,13.7,8.1,1.1,3.6,1.3,2.6
1642873,Amari Williams,BOS,0.0,1.3,0.3,0.0,0.4,0.1,0.3,1.8,1.3,0.3,1.7,0.4,-0.0,0.0,0.4
1629674,Neemias Queta,SAC,5.5,9.7,1.7,0.1,1.1,0.9,1.5,16.2,15.0,7.9,10.8,2.3,2.8,0.1,0.5
1629012,Collin Sexton,UTA,12.3,2.5,3.2,1.2,0.2,0.8,1.6,19.8,17.2,17.2,5.2,0.9,4.7,3.0,4.1
1630581,Josh Giddey,OKC,14.1,6.4,6.5,1.2,0.5,0.9,3.6,26.4,20.3,22.4,14.7,1.3,5.1,2.5,3.9
1630644,Mac McClung,PHI,3.4,1.8,1.3,0.2,0.2,0.8,0.6,6.4,5.1,4.3,3.2,0.9,1.3,0.6,1.0
1642265,Rob Dillingham,MIN,5.9,2.4,2.1,0.5,0.2,0.7,1.1,10.2,8.5,7.6,5.0,0.9,2.3,0.5,0.6
1642530,Yuki Kawamura,MEM,5.0,2.9,2.9,0.7,0.2,0.7,1.3,13.5,9.3,9.2,6.3,1.0,1.8,0.4,0.5
1631159,Leonard Miller,MIN,-0.0,0.6,0.3,0.0,0.1,0.1,0.2,0.6,0.4,0.2,0.9,0.2,-0.0,0.0,0.1
1628380,Zach Collins,SAS,10.5,5.6,1.6,0.5,0.6,0.5,1.2,16.2,15.1,11.6,7.1,1.1,4.0,1.9,2.5
1630208,Nick Richards,CHA,9.5,6.2,0.8,0.2,0.9,0.5,1.0,16.9,15.5,10.5,6.7,1.5,3.8,1.5,2.3
1641824,Matas Buzelis,CHI,14.9,5.7,2.7,2.0,0.9,0.7,2.0,24.2,20.8,18.2,8.9,1.9,5.1,2.9,4.0
1629014,Anfernee Simons,POR,21.2,3.0,4.0,3.7,0.2,0.8,2.0,27.1,25.5,25.8,7.4,1.0,7.4,2.5,3.3
1642855,Noa Essengue,CHI,-0.1,0.4,0.2,0.0,0.1,0.1,0.1,0.6,0.4,0.1,0.6,0.1,-0.0,-0.0,0.0
1630188,Jalen Smith,IND,11.9,7.2,1.1,1.4,0.7,0.5,0.9,18.0,17.8,12.5,8.1,1.1,4.2,1.5,1.9
1627824,Guerschon Yabusele,PHI,6.1,4.6,1.2,1.1,0.3,0.8,0.8,12.7,11.6,6.9,5.2,1.1,2.8,0.1,0.2
1630200,Tre Jones,SAS,13.8,3.4,5.5,1.2,0.3,1.0,2.0,21.1,17.4,19.5,8.8,1.3,5.7,2.1,2.5
1631093,Jaden Ivey,DET,14.8,4.0,3.2,2.3,0.4,0.9,2.0,23.5,18.9,18.0,7.2,1.3,5.3,2.3,3.5
1630171,Isaac Okoro,CLE,11.5,3.2,2.2,1.1,0.4,0.9,1.0,17.1,14.7,13.8,5.3,1.5,4.4,1.6,2.4
1630172,Patrick Williams,CHI,10.9,3.7,1.5,1.7,0.5,0.8,1.1,16.4,16.2,12.9,5.2,1.3,4.0,1.2,1.8
1642950,Lachlan Olbrich,CHI,-0.1,1.3,0.3,0.0,0.1,0.1,0.2,1.3,1.0,0.2,1.8,0.2,-0.0,0.0,0.0
1631169,Josh Minott,MIN,-0.0,0.4,0.2,-0.0,0.1,0.1,0.2,0.8,0.6,0.1,0.7,0.2,-0.0,-0.0,0.1
1630533,Ziaire Williams,MEM,6.8,2.8,1.3,1.1,0.5,1.0,1.0,9.4,8.6,7.3,3.9,1.4,2.9,0.0,-0.1
1642874,Danny Wolf,BKN,15.7,5.5,2.6,2.0,0.6,0.6,1.5,22.4,20.4,18.3,8.8,1.4,5.4,1.9,2.7
1642962,Drake Powell,BKN,11.1,2.6,1.7,1.6,0.2,0.6,1.0,16.3,13.9,13.5,4.6,0.8,4.0,1.5,2.0
1642856,Egor Dëmin,BKN,4.4,2.6,2.6,0.6,0.2,0.7,1.4,9.2,7.1,6.9,5.1,1.0,1.4,0.5,0.6
1630604,E.J. Liddell,NOP,6.6,2.5,0.8,1.0,0.2,0.4,0.5,9.5,8.8,6.8,3.2,0.7,2.5,0.7,1.0
1630623,Tyson Etienne,BKN,0.1,0.4,0.5,0.1,0.1,0.1,0.1,0.6,0.4,0.5,0.8,0.1,-0.0,-0.0,-0.0
1629611,Terance Mann,LAC,10.8,3.3,2.8,1.1,0.2,0.7,1.2,17.1,14.0,13.8,6.3,0.9,4.1,1.7,2.4
1629008,Michael Porter Jr.,DEN,24.6,6.9,2.7,3.5,0.5,0.8,2.0,35.5,32.1,28.7,9.8,1.3,8.6,3.8,4.4
1630549,Day'Ron Sharpe,BKN,4.6,7.0,1.6,0.1,0.5,0.7,1.3,11.6,10.4,4.6,7.9,1.3,1.8,0.9,1.7
1641730,Noah Clowney,BKN,15.1,4.8,1.6,2.8,0.7,0.6,1.2,20.4,19.8,16.3,6.7,1.5,5.4,1.4,1.2
1630592,Jalen Wilson,BKN,4.1,3.3,1.4,0.4,0.2,0.5,0.8,10.1,8.5,6.3,4.8,0.8,1.6,1.2,1.7
1630534,Ochai Agbaji,UTA,-0.1,0.7,0.4,0.1,0.2,0.1,0.2,0.7,0.8,0.2,1.3,0.4,-0.0,-0.0,0.1
1629651,Nic Claxton,BKN,15.6,7.8,3.3,0.0,1.3,0.9,1.4,27.2,24.3,21.1,10.7,2.3,6.4,2.5,3.9
1642879,Ben Saraf,BKN,3.0,2.1,3.2,0.2,0.2,0.7,1.7,8.8,4.9,7.2,5.6,0.9,1.2,0.4,0.9
1642849,Nolan Traore,BKN,13.0,2.8,5.1,1.1,0.4,1.0,2.5,20.5,16.2,17.9,8.5,1.3,4.7,2.7,3.4
1630169,Tyrese Haliburton,IND,21.8,3.6,9.5,3.2,0.6,1.3,1.9,31.9,23.7,29.2,12.5,1.9,7.5,3.8,4.5
1630167,Obi Toppin,NYK,14.1,4.7,2.0,1.6,0.4,0.7,1.3,19.2,17.6,15.7,6.0,1.1,5.0,2.0,3.5
1629614,Andrew Nembhard,IND,22.7,3.4,6.9,3.0,0.2,1.0,2.8,32.0,26.6,28.8,10.5,1.3,7.8,3.3,4.6
1643007,Taelon Peter,IND,5.4,2.3,1.5,0.7,0.2,0.5,0.6,9.3,7.9,7.3,4.0,0.8,2.0,0.8,1.0
1641716,Jarace Walker,IND,15.4,5.4,2.5,1.1,0.4,1.0,2.1,22.4,20.8,18.5,8.2,1.5,5.7,1.9,3.4
1642880,Kam Jones,IND,4.2,1.5,1.5,0.6,0.2,0.4,0.6,7.6,5.8,5.8,3.1,0.6,1.7,0.1,0.0
204456,T.J. McConnell,IND,12.5,2.8,5.3,0.4,0.2,1.1,1.6,21.4,17.0,16.9,7.3,1.2,5.2,1.7,1.7
1630695,Micah Potter,UTA,8.1,5.5,1.5,1.0,0.4,0.5,0.9,16.6,15.6,10.4,6.9,1.0,2.7,1.6,2.0
1642277,Johnny Furphy,IND,9.1,5.7,2.9,1.2,0.3,0.9,1.3,16.4,12.8,10.0,7.8,1.3,3.6,0.6,0.5
1630174,Aaron Nesmith,IND,11.7,4.0,1.9,1.7,0.5,0.9,1.4,18.1,17.1,13.1,5.9,1.3,4.0,1.8,2.1
1641738,Kobe Brown,LAC,10.4,2.6,1.2,1.5,0.3,0.4,0.7,14.6,13.5,12.0,4.0,0.8,3.7,1.5,2.0
1641767,Ben Sheppard,IND,9.5,2.6,2.0,2.4,0.2,0.5,0.9,13.8,11.6,10.7,4.5,0.6,3.6,0.2,0.3
1631245,Quenton Jackson,WAS,17.8,2.7,1.9,2.0,0.2,0.8,1.0,26.3,23.1,20.8,6.4,1.0,5.8,2.8,3.8
1630643,Jay Huff,WAS,10.9,4.7,1.4,1.3,1.2,0.7,1.0,16.6,15.3,11.8,6.0,1.7,4.0,1.5,2.0
1627826,Ivica Zubac,LAC,15.7,11.5,1.6,0.1,1.2,0.5,1.5,28.5,26.9,17.5,11.6,1.5,6.4,2.4,3.9
1627783,Pascal Siakam,TOR,19.4,6.8,4.0,1.3,0.5,0.8,2.1,28.3,26.8,23.4,10.4,1.3,7.1,4.2,4.9
1630679,Ethan Thompson,IND,9.2,2.3,1.4,1.3,0.3,0.7,0.7,13.5,11.3,11.7,3.9,0.9,3.3,1.3,1.8
1630178,Tyrese Maxey,PHI,28.0,3.9,7.2,2.9,0.4,1.5,2.2,38.4,32.1,35.7,11.2,1.9,10.0,4.7,5.1
1630699,MarJon Beauchamp,MIL,7.5,3.1,1.1,0.9,0.3,0.5,0.7,12.1,11.2,9.1,4.5,0.8,3.0,1.2,1.9
203083,Andre Drummond,CHI,9.8,6.8,1.1,0.6,0.7,0.8,1.2,19.5,17.2,11.6,8.2,1.5,3.9,1.5,2.0
1629656,Quentin Grimes,NYK,11.0,3.3,2.9,1.5,0.3,0.9,1.1,18.5,14.3,14.4,6.5,1.3,4.2,1.5,2.1
1631207,Dalen Terry,CHI,7.4,3.3,1.9,1.0,0.4,0.7,1.3,11.4,8.9,7.7,5.6,1.3,2.3,1.6,2.2
200768,Kyle Lowry,MIA,7.6,1.9,2.1,2.1,0.3,0.8,0.6,11.5,10.4,9.5,4.0,1.1,2.7,1.5,2.3
202331,Paul George,LAC,14.3,4.6,3.2,1.7,0.5,1.3,1.5,21.8,18.6,18.2,8.1,1.8,5.5,0.5,0.2
1626162,Kelly Oubre Jr.,CHA,16.3,5.4,1.8,2.2,0.5,1.6,1.2,23.8,21.4,17.0,7.8,1.9,5.7,1.8,2.2
1642348,Justin Edwards,PHI,12.1,2.3,1.1,2.0,0.3,0.8,0.6,16.6,15.4,13.3,3.6,1.1,4.0,1.4,2.4
1630570,Trendon Watford,POR,11.1,4.0,2.5,0.6,0.4,0.7,1.2,18.4,15.7,14.3,6.8,1.1,4.2,1.7,2.7
203954,Joel Embiid,PHI,31.3,8.3,4.8,1.6,1.1,0.9,3.1,46.3,42.4,35.6,13.2,2.1,10.9,7.7,8.7
1641780,Johni Broome,PHI,0.1,0.5,0.2,0.0,0.1,0.1,0.2,0.9,0.6,0.2,0.8,0.2,-0.0,0.0,0.1
1631116,Patrick Baldwin Jr.,GSW,0.1,0.8,0.3,0.0,0.1,0.1,0.2,1.0,0.9,0.3,0.9,0.2,0.0,0.0,0.0
1631230,Dominick Barlow,SAS,12.0,4.7,1.2,0.7,0.5,0.8,0.8,17.6,16.9,12.2,6.0,1.3,4.2,1.8,2.6
1629646,Charles Bassey,SAS,4.3,5.6,0.8,0.0,0.9,0.5,0.7,9.9,9.8,5.8,6.9,1.2,1.6,0.8,1.7
1641737,Adem Bona,PHI,9.4,4.5,0.8,0.1,0.9,0.5,0.8,15.3,14.6,11.1,5.6,1.4,3.5,1.5,3.2
1631133,Jabari Walker,POR,-0.0,0.9,0.2,-0.0,0.1,0.2,0.2,1.2,0.9,0.1,1.3,0.3,-0.0,-0.0,0.1
1642845,VJ Edgecombe,PHI,7.9,5.6,3.8,1.0,0.5,1.3,1.5,17.2,14.4,10.7,9.0,1.7,2.8,1.3,1.7
203903,Jordan Clarkson,UTA,7.2,2.1,2.0,0.8,0.2,0.5,0.9,11.3,9.1,8.8,3.8,0.6,2.5,0.5,0.6
1630540,Miles McBride,NYK,7.8,2.3,2.6,1.2,0.2,0.8,0.9,13.1,10.6,11.0,4.4,1.0,2.6,0.8,0.8
1628404,Josh Hart,POR,17.1,7.0,4.7,2.4,0.4,1.1,1.8,28.8,24.2,22.9,11.8,1.5,6.3,2.4,2.6
1642359,Pacôme Dadiet,NYK,0.0,0.6,0.3,0.0,0.1,0.2,0.2,0.9,0.6,0.4,0.9,0.2,0.0,0.0,0.0
1630631,Jose Alvarado,NOP,4.7,2.7,2.5,0.8,0.2,0.8,0.9,9.8,6.9,7.5,5.3,1.0,1.8,0.6,1.0
1628384,OG Anunoby,TOR,17.6,5.1,2.8,2.4,0.7,1.5,1.9,27.3,23.8,19.2,8.5,2.2,6.8,2.4,3.5
1641755,Kevin McCullar Jr.,NYK,0.2,0.6,0.8,0.0,0.1,0.2,0.3,1.5,0.7,0.9,1.6,0.2,0.0,0.0,0.0
1628973,Jalen Brunson,NYK,26.3,3.9,6.3,2.6,0.2,1.0,2.3,35.3,30.5,33.5,9.9,1.1,9.1,5.8,7.2
1642278,Tyler Kolek,NYK,0.4,0.6,1.2,0.0,0.1,0.2,0.6,2.0,0.9,1.8,1.9,0.2,0.1,0.0,0.0
1629011,Mitchell Robinson,NYK,6.1,8.0,1.0,-0.0,1.1,0.8,0.7,15.1,13.5,7.3,9.1,1.6,2.4,1.2,2.7
1628969,Mikal Bridges,PHX,22.2,3.6,3.6,2.9,0.6,1.0,1.4,30.0,26.3,26.2,6.9,1.6,8.0,2.9,3.2
1626157,Karl-Anthony Towns,MIN,17.6,11.0,2.9,1.5,0.6,0.8,2.1,33.6,30.2,21.5,14.4,1.3,6.5,2.6,4.1
1641794,Dillon Jones,OKC,0.0,0.7,0.3,-0.0,0.1,0.1,0.2,0.9,0.6,0.3,1.2,0.2,-0.0,-0.0,0.0
1629013,Landry Shamet,PHX,10.9,2.7,2.2,2.2,0.2,0.8,0.7,16.8,14.4,13.8,5.3,0.9,3.8,0.9,1.5
1641998,Trey Jemison III,WAS,-0.0,1.0,0.3,-0.0,0.2,0.1,0.3,1.2,1.0,0.3,1.4,0.2,-0.0,0.0,0.1
1642885,Mohamed Diawara,NYK,7.8,2.5,1.2,1.9,0.3,0.5,0.7,10.8,9.8,8.5,3.6,0.8,2.8,0.3,0.2
1630574,Ariel Hukporti,NYK,9.2,5.2,0.8,0.2,0.7,0.4,0.8,15.9,15.2,10.6,6.4,1.3,3.6,1.5,2.1
1630639,A.J. Lawson,DAL,0.0,0.6,0.2,-0.0,0.1,0.1,0.2,0.8,0.6,0.3,0.7,0.2,0.0,0.0,0.1
1641711,Gradey Dick,TOR,9.1,2.9,1.1,1.3,0.2,0.7,0.7,12.8,12.0,10.1,4.2,0.8,3.4,1.1,1.7
1642367,Jonathan Mogbo,TOR,0.0,0.8,0.3,-0.0,0.2,0.2,0.3,1.3,0.9,0.7,1.2,0.3,0.0,0.0,0.1
101108,Chris Paul,PHX,7.8,2.5,2.7,1.3,0.2,1.1,0.8,12.9,9.8,10.3,5.3,1.1,2.9,1.0,1.3
1627742,Brandon Ingram,NOP,17.7,5.6,4.1,1.4,0.7,0.8,1.9,27.1,22.3,20.2,9.7,1.6,6.8,3.4,4.4
1630567,Scottie Barnes,TOR,21.7,8.8,6.4,1.0,1.3,1.2,3.1,37.7,31.4,28.9,15.3,2.3,8.0,3.5,4.4
1630193,Immanuel Quickley,NYK,24.2,4.3,5.5,4.2,0.3,1.0,1.9,34.0,28.4,29.2,9.8,1.4,8.4,3.5,3.5
1629628,RJ Barrett,NYK,19.5,5.9,3.8,1.6,0.4,0.8,2.1,29.4,25.7,23.6,10.1,1.2,7.0,3.3,4.6
1642867,Collin Murray-Boyles,TOR,10.0,4.6,2.8,0.5,1.1,0.9,1.5,16.3,13.9,12.6,8.4,2.2,4.3,0.6,0.7
1642266,Ja'Kobe Walter,TOR,6.7,2.8,1.6,0.9,0.2,0.9,0.8,11.6,9.9,8.8,4.6,1.0,2.6,1.0,1.0
202066,Garrett Temple,NOP,-0.0,0.3,0.3,0.1,0.1,0.1,0.1,0.6,0.3,0.3,0.6,0.1,-0.0,-0.0,-0.0
1627751,Jakob Poeltl,SAS,6.8,7.4,2.1,-0.0,0.9,0.7,1.3,16.6,14.2,8.9,7.8,1.9,3.5,0.4,-0.2
1642347,Jamal Shead,TOR,7.3,2.4,5.4,0.9,0.3,1.0,1.8,14.1,10.1,12.3,7.5,1.1,2.4,1.8,2.8
1642935,Chucky Hepburn,TOR,-0.0,0.4,0.3,0.0,0.1,0.2,0.2,0.5,0.3,0.2,0.7,0.2,-0.0,-0.0,0.0
1631218,Trayce Jackson-Davis,GSW,7.4,4.1,1.1,0.1,0.7,0.5,0.7,13.0,12.8,8.6,5.4,1.1,2.8,1.3,2.3
1630572,Sandro Mamukelashvili,MIL,18.5,5.5,2.0,2.7,0.6,0.9,1.2,25.0,22.2,20.1,7.6,1.6,6.7,2.1,2.2
1642918,Alijah Martin,TOR,2.2,1.8,1.0,0.1,0.3,0.6,0.4,5.4,4.2,3.1,2.9,0.8,0.9,0.2,0.1
1642419,Jamison Battle,TOR,0.2,0.7,0.3,0.0,0.1,0.1,0.2,1.1,0.8,0.4,1.0,0.2,0.0,0.0,0.1
1631105,Jalen Duren,DET,17.5,8.3,1.7,-0.0,0.9,0.7,1.5,29.5,26.6,18.9,10.9,1.5,6.9,2.9,3.6
1630595,Cade Cunningham,DET,25.5,5.3,8.2,1.7,0.7,1.2,3.3,39.5,30.9,33.9,14.0,1.9,9.1,4.8,6.6
1642403,Isaac Jones,SAC,2.9,1.6,0.5,0.2,0.2,0.3,0.4,5.1,4.4,3.1,1.8,0.5,1.5,0.0,0.1
1641842,Ronald Holland II,DET,6.4,4.6,1.3,0.5,0.4,1.1,1.0,12.8,11.3,8.1,6.1,1.5,2.4,1.1,1.8
1630194,Paul Reed,PHI,11.3,5.3,1.7,0.8,0.8,0.9,1.0,19.3,16.1,14.2,6.9,1.8,4.2,1.9,2.8
1627747,Caris LeVert,CLE,7.3,2.9,3.1,0.8,0.6,1.0,1.4,12.3,10.0,9.2,5.8,1.5,2.5,1.9,2.5
1641709,Ausar Thompson,DET,5.2,6.2,2.7,0.1,0.9,1.5,1.2,14.9,12.3,7.6,9.5,2.5,2.2,0.6,0.9
202699,Tobias Harris,PHI,10.7,5.4,2.3,1.1,0.5,0.9,1.2,18.7,18.0,13.1,7.1,1.4,4.0,1.8,2.7
1631111,Wendell Moore Jr.,MIN,-0.1,0.6,0.4,-0.0,0.1,0.1,0.2,0.8,0.5,0.4,1.0,0.2,-0.0,0.0,0.1
1642404,Chaz Lanier,DET,7.9,1.8,0.9,1.7,0.2,0.4,0.4,10.3,9.3,8.8,2.4,0.6,3.1,0.8,0.4
1642450,Daniss Jenkins,DET,4.5,2.1,2.4,0.2,0.2,0.8,1.0,7.4,5.8,5.9,4.0,0.9,1.8,0.4,0.4
1631204,Marcus Sasser,DET,0.1,0.4,1.2,0.0,0.1,0.2,0.6,1.4,0.1,1.1,1.2,0.4,0.0,-0.0,-0.0
1628989,Kevin Huerter,SAC,0.2,1.3,1.1,0.0,0.3,0.5,0.4,2.1,1.7,1.5,1.9,0.8,-0.0,-0.0,-0.0
1630191,Isaiah Stewart,DET,5.7,4.1,1.1,0.2,0.9,0.3,0.9,10.1,8.9,6.7,4.7,1.1,2.7,0.2,0.1
1629750,Javonte Green,CHI,3.4,3.0,0.9,0.2,0.4,1.0,0.7,7.0,6.1,4.4,3.9,1.4,1.5,1.2,1.8
1641752,Bobi Klintman,DET,-0.0,0.6,0.2,0.0,0.1,0.1,0.2,0.6,0.4,0.1,0.9,0.1,-0.0,-0.0,0.0
1642449,Tolu Smith,DET,4.9,4.7,0.8,0.1,0.6,0.4,0.7,10.5,10.0,5.6,6.2,1.2,1.9,0.9,1.7
1629130,Duncan Robinson,MIA,18.4,2.7,2.2,4.2,0.2,0.6,1.1,24.0,20.7,21.5,4.9,0.7,6.2,1.6,2.0
1628988,Aaron Holiday,ATL,0.0,0.4,0.5,-0.0,0.1,0.2,0.3,0.6,0.2,0.2,0.7,0.3,-0.0,0.0,-0.0
1641708,Amen Thompson,HOU,17.9,7.2,5.4,0.6,0.8,1.4,2.3,31.4,26.9,22.8,12.5,2.2,7.1,2.8,2.9
1627827,Dorian Finney-Smith,DAL,5.9,2.3,1.3,1.9,0.4,0.7,0.5,9.2,8.5,7.3,4.0,1.1,2.3,0.2,0.1
1631120,JD Davison,BOS,8.5,2.2,1.9,1.4,0.2,0.5,0.8,13.6,11.3,11.6,4.2,0.7,3.3,0.5,0.4
1627832,Fred VanVleet,TOR,12.4,3.5,5.4,2.6,0.4,1.3,1.6,21.7,16.3,19.7,9.1,1.7,4.3,1.9,2.7
201142,Kevin Durant,BKN,23.4,5.1,4.9,1.9,0.9,1.0,3.3,30.5,28.6,26.3,9.8,1.9,7.6,5.3,7.7
1630256,Jae'Sean Tate,HOU,-0.0,0.8,0.4,0.0,0.1,0.1,0.2,1.1,0.8,0.5,1.1,0.2,0.0,0.0,0.1
1631095,Jabari Smith Jr.,HOU,14.5,7.4,1.8,1.8,1.0,0.9,1.2,23.7,22.0,17.2,8.7,1.9,5.2,2.3,3.2
203500,Steven Adams,MEM,7.6,9.4,1.3,0.0,0.8,0.7,1.1,18.5,16.3,9.0,10.2,1.6,3.0,1.6,3.3
1641803,Tristen Newton,IND,-0.0,0.4,0.2,0.0,0.1,0.1,0.2,0.4,0.3,0.2,0.5,0.1,-0.0,0.0,0.0
1642263,Reed Sheppard,HOU,17.5,2.7,3.1,3.1,0.5,1.5,1.8,21.7,19.9,19.1,5.4,2.0,6.1,1.5,1.2
1631106,Tari Eason,HOU,5.9,6.1,1.4,0.8,0.6,1.4,1.2,14.1,12.5,7.5,7.4,2.0,2.2,0.9,1.2
1629006,Josh Okogie,PHX,-0.1,1.4,0.5,0.0,0.2,0.5,0.3,1.4,1.2,0.4,1.9,0.6,-0.0,0.0,0.0
1642384,Isaiah Crawford,SAC,6.6,2.2,0.8,0.7,0.4,0.4,0.5,9.8,8.7,7.2,3.0,0.8,2.7,0.8,0.6
1630578,Alperen Sengun,HOU,20.3,9.9,6.1,0.6,0.9,1.1,2.6,35.9,30.8,27.0,15.5,2.0,8.4,3.7,5.1
203991,Clint Capela,ATL,-0.2,3.1,0.4,-0.0,0.4,0.2,0.3,3.2,3.1,-0.1,4.0,0.6,0.0,0.1,0.2
201145,Jeff Green,DEN,8.0,2.4,0.9,1.2,0.3,0.3,0.5,10.4,10.2,9.5,3.0,0.6,2.7,1.9,2.3
203078,Bradley Beal,WAS,13.9,2.7,3.2,1.8,0.4,0.8,1.4,18.7,15.6,17.6,5.9,1.4,5.3,1.9,2.7
202695,Kawhi Leonard,LAC,24.7,6.9,4.2,1.6,0.5,1.7,2.1,32.8,27.9,25.7,11.0,2.1,8.6,4.8,5.3
1642920,Kobe Sanders,LAC,0.7,2.0,2.0,0.0,0.2,0.4,0.8,3.9,2.4,2.4,3.5,0.5,0.2,0.2,0.3
1627884,Derrick Jones Jr.,CHI,7.8,3.6,1.5,0.8,0.7,0.9,1.0,13.2,11.3,9.4,5.1,1.6,2.9,1.0,1.2
203992,Bogdan Bogdanović,ATL,3.0,1.7,2.0,0.3,0.2,0.5,0.7,8.0,5.0,4.1,3.4,0.7,1.2,0.3,-0.0
1627739,Kris Dunn,UTA,10.8,3.5,4.7,1.4,0.3,1.4,1.9,20.5,15.0,15.1,8.0,1.6,4.6,1.1,0.8
1631097,Bennedict Mathurin,IND,8.2,4.2,3.0,0.3,0.2,0.7,1.8,15.2,11.9,10.3,6.6,0.9,3.0,1.7,1.8
1629636,Darius Garland,CLE,24.6,2.6,6.5,3.8,0.2,1.0,2.9,31.6,26.7,29.0,9.0,1.3,8.3,4.0,4.4
201572,Brook Lopez,MIL,11.5,4.9,1.5,1.9,1.5,0.7,1.1,19.5,17.4,13.5,6.1,2.3,4.4,1.4,1.1
1642353,Cam Christie,LAC,0.2,0.6,0.3,0.0,0.1,0.1,0.2,1.2,0.8,0.6,0.9,0.2,0.1,0.0,0.1
1631102,TyTy Washington Jr.,HOU,5.9,1.3,2.0,1.3,0.2,0.6,0.7,9.1,7.1,8.1,3.5,0.8,2.0,0.2,0.1
1642949,Yanic Konan Niederhäuser,LAC,5.2,4.4,0.8,0.1,0.7,0.4,0.9,10.2,9.2,6.2,5.3,1.2,2.1,0.9,1.9
1628381,John Collins,ATL,15.9,6.2,1.4,1.5,0.8,0.7,1.5,23.3,22.3,16.7,8.2,1.6,5.8,2.8,3.1
1641757,Jordan Miller,LAC,12.7,3.2,2.2,0.8,0.2,0.7,1.7,19.0,15.7,15.0,5.6,0.9,4.5,1.9,3.4
1630543,Isaiah Jackson,IND,10.4,6.4,1.4,0.2,1.1,0.8,1.1,18.8,17.2,12.6,7.6,1.5,4.1,2.3,3.5
201587,Nicolas Batum,LAC,3.3,2.0,1.1,1.6,0.3,0.7,0.5,6.8,6.0,4.0,2.7,0.8,1.2,0.0,0.2
1630625,Dalano Banton,TOR,9.0,1.9,2.6,1.4,0.4,0.5,1.0,11.9,10.9,10.5,4.5,0.8,3.2,0.4,0.5
1628978,Donte DiVincenzo,GSW,7.5,3.5,3.3,2.1,0.4,1.3,1.5,14.7,11.7,11.9,6.9,1.7,2.9,-0.0,-0.3
1630545,Terrence Shannon Jr.,MIN,0.0,0.4,0.3,-0.0,0.0,0.1,0.2,0.7,0.4,0.2,0.8,0.1,0.0,-0.0,0.0
1630183,Jaden McDaniels,MIN,15.9,3.9,2.3,2.2,0.6,0.9,1.4,23.5,21.0,19.3,6.3,1.6,5.8,2.4,3.3
1641763,Julian Phillips,CHI,5.6,2.0,0.4,1.0,0.1,0.2,0.5,7.7,7.2,6.0,2.1,0.4,2.2,0.1,0.1
1630162,Anthony Edwards,MIN,30.2,5.8,4.5,3.4,0.7,1.5,2.8,40.0,35.1,34.6,10.4,2.0,10.5,6.1,7.0
204060,Joe Ingles,MIL,0.1,0.3,0.5,0.0,0.1,0.2,0.3,1.0,0.5,0.6,0.6,0.2,0.0,0.0,0.0
1630538,Bones Hyland,DEN,17.4,2.4,3.0,3.6,0.2,0.8,1.4,22.3,18.4,20.0,5.3,1.0,5.9,1.5,1.5
1630548,Johnny Juzang,UTA,4.2,1.5,1.0,1.3,0.2,0.3,0.4,6.6,5.5,4.4,2.0,0.4,1.6,0.1,-0.0
1629675,Naz Reid,MIN,8.1,6.6,2.3,0.9,0.9,0.9,1.4,17.9,16.6,10.7,9.0,1.9,3.0,1.2,1.8
1630245,Ayo Dosunmu,CHI,20.7,3.4,4.0,3.0,0.3,0.9,1.8,28.4,24.0,24.6,7.7,1.4,7.1,3.1,3.9
1642866,Joan Beringer,MIN,5.8,3.3,0.8,0.2,0.5,0.5,0.6,9.6,9.1,6.1,3.6,1.1,2.6,0.3,0.3
1641740,Jaylen Clark,MIN,4.4,1.4,0.5,1.2,0.1,0.5,0.4,5.8,5.3,4.4,1.9,0.7,1.5,0.1,0.2
1642402,Enrique Freeman,IND,0.0,1.1,0.3,0.0,0.1,0.1,0.3,1.5,0.9,0.3,1.5,0.2,0.0,0.0,0.1
203497,Rudy Gobert,MIN,15.1,10.5,1.7,0.1,1.5,0.9,1.4,26.4,24.6,16.6,12.5,2.2,6.1,2.4,3.9
203944,Julius Randle,NYK,22.8,7.4,5.2,1.8,0.4,0.8,3.0,37.0,30.8,28.5,12.2,1.2,8.5,4.2,4.7
203081,Damian Lillard,POR,15.8,4.4,6.5,1.4,0.3,1.0,2.6,25.6,19.3,21.7,10.7,1.3,4.8,4.4,5.6
1630703,Scoot Henderson,POR,17.4,3.5,5.8,2.5,0.2,0.9,3.3,27.7,22.2,22.9,8.0,1.1,6.3,3.1,4.5
1631104,Blake Wesley,SAS,3.3,1.7,2.5,0.2,0.2,0.7,1.0,7.0,4.8,5.5,4.1,0.8,1.5,0.3,0.4
1631126,Caleb Love,POR,11.6,2.2,3.0,1.5,0.1,0.7,1.8,16.8,14.8,15.3,5.6,0.8,4.1,2.1,2.6
1629680,Matisse Thybulle,PHI,2.7,0.7,0.9,1.1,0.5,1.6,0.4,5.1,4.0,4.4,0.5,2.0,1.0,0.2,0.5
201950,Jrue Holiday,MIL,19.8,4.3,5.7,3.1,0.4,1.1,2.1,27.9,23.6,24.0,10.0,1.5,7.2,2.1,1.8
1630166,Deni Avdija,WAS,25.1,7.5,5.0,2.4,0.6,0.8,3.1,39.0,32.9,30.5,12.0,1.5,9.4,4.7,5.7
203924,Jerami Grant,POR,18.9,4.0,2.5,2.3,0.6,0.7,1.9,26.0,22.1,20.9,6.3,1.5,6.9,3.7,4.5
1642905,Yang Hansen,POR,2.4,2.3,1.0,0.1,0.3,0.3,0.8,5.9,4.5,3.1,3.3,0.7,1.0,0.2,0.2
1631101,Shaedon Sharpe,POR,12.0,3.2,2.6,0.5,0.2,0.9,2.1,18.3,15.7,14.7,5.2,1.0,3.6,2.9,4.2
1631451,Javonte Cooke,POR,3.5,1.4,0.9,0.4,0.2,0.6,0.5,5.3,4.6,3.7,2.3,0.7,1.6,0.1,0.1
1641712,Rayan Rupert,POR,6.7,1.9,1.3,1.8,0.2,0.7,0.8,9.2,8.0,6.9,2.9,0.8,2.4,0.2,-0.0
1642270,Donovan Clingan,POR,15.6,11.8,2.2,1.3,1.6,0.6,1.6,27.4,26.8,18.5,13.4,2.3,6.5,2.3,2.0
1631200,Kris Murray,POR,6.8,4.2,1.4,0.7,0.5,1.0,0.8,11.3,10.7,7.9,5.3,1.7,2.5,1.7,2.5
1630249,Vít Krejčí,ATL,4.4,2.3,1.7,0.5,0.3,0.7,0.8,8.9,6.0,5.9,4.3,1.0,1.6,0.6,1.0
1641739,Toumani Camara,POR,15.8,4.6,2.0,4.4,0.5,0.9,1.3,21.9,21.6,15.0,7.2,1.4,4.9,1.4,1.4
1629057,Robert Williams III,BOS,12.1,7.4,1.6,0.7,1.9,0.7,1.5,22.1,18.4,14.0,9.9,2.6,5.1,1.4,1.4
1631321,Sidy Cissoko,SAS,0.4,2.3,1.4,0.1,0.2,0.5,0.8,3.1,2.6,1.5,3.3,0.7,0.1,0.1,0.2
1642847,Jeremiah Fears,NOP,15.9,3.4,2.7,1.7,0.4,1.3,1.8,21.5,18.8,19.0,6.3,1.8,5.4,2.5,3.1
1629627,Zion Williamson,NOP,24.8,7.0,4.1,-0.0,0.6,1.2,2.3,36.8,32.3,31.0,11.1,1.7,9.6,5.8,7.5
1630529,Herbert Jones,NOP,4.1,3.4,3.3,0.3,0.6,1.2,1.1,10.9,7.6,7.9,6.1,1.7,1.7,0.3,0.2
1629673,Jordan Poole,GSW,7.6,2.0,2.7,1.3,0.3,0.7,1.4,12.7,10.4,10.7,4.7,1.1,2.7,0.9,1.0
1630621,Hunter Dickinson,NOP,3.4,2.1,1.0,0.2,0.7,0.3,0.9,6.7,4.8,4.3,3.2,1.0,1.7,0.2,0.3
1627749,Dejounte Murray,ATL,9.5,5.4,6.6,0.6,0.4,1.4,2.7,23.5,16.2,16.6,11.5,1.5,3.7,1.5,1.9
201599,DeAndre Jordan,DEN,2.9,3.4,0.5,-0.2,0.4,0.2,0.6,6.4,5.9,3.5,4.1,0.6,1.7,-0.0,0.1
1631121,Bryce McGowens,CHA,10.2,2.4,2.0,1.4,0.2,0.6,1.0,15.5,13.8,12.6,4.7,0.9,3.9,1.2,1.0
1642877,Micah Peavy,NOP,0.1,0.7,0.4,0.0,0.1,0.3,0.2,0.9,0.7,0.4,1.0,0.4,0.0,0.0,0.0
1631255,Karlo Matković,NOP,9.9,4.4,1.1,1.2,0.7,0.6,0.6,15.4,14.7,10.7,5.4,1.3,3.9,1.2,1.7
1642274,Yves Missi,NOP,10.4,7.4,1.4,0.1,1.4,0.6,0.9,20.9,18.1,12.9,8.8,2.1,4.1,1.6,2.6
1642852,Derik Queen,NOP,11.9,7.3,3.6,0.7,0.8,1.0,2.3,23.6,19.8,16.1,11.8,1.9,5.0,2.0,2.1
1641725,Trey Alexander,DEN,-0.1,0.3,0.3,-0.0,0.1,0.1,0.1,0.5,0.2,0.2,0.6,0.1,-0.0,0.0,0.0
1641722,Jordan Hawkins,NOP,7.2,1.9,0.8,1.7,0.2,0.4,0.5,8.6,8.4,8.2,2.4,0.5,2.5,0.1,0.1
1630530,Trey Murphy III,NOP,26.5,5.4,3.8,4.8,0.5,1.4,2.4,29.8,28.5,28.4,9.1,1.9,9.4,3.7,5.0
1630180,Saddiq Bey,DET,19.5,5.8,3.0,2.2,0.2,0.9,1.6,28.2,24.2,23.2,9.2,1.0,7.3,4.7,5.7
1626172,Kevon Looney,GSW,2.6,4.7,1.0,-0.1,0.5,0.4,0.4,5.9,5.1,3.7,4.3,0.8,1.4,0.0,-0.0
1631323,Simone Fontecchio,UTA,6.0,3.9,1.7,0.8,0.3,0.7,0.8,11.0,9.4,7.6,5.4,1.0,2.2,0.7,1.2
1626179,Terry Rozier,CHA,0.7,1.0,1.1,-0.2,0.1,0.3,0.4,2.6,1.8,1.3,2.2,0.3,0.3,0.0,0.2
1631107,Nikola Jović,MIA,0.2,1.3,0.7,0.0,0.2,0.2,0.4,1.9,1.7,0.9,1.6,0.4,0.1,0.0,0.1
1642276,Kel'el Ware,MIA,11.1,7.4,1.0,0.8,1.1,0.6,0.9,18.4,18.8,12.0,8.4,1.5,4.3,1.6,2.7
1641796,Pelle Larsson,MIA,0.2,2.2,2.3,-0.0,0.2,0.4,1.3,5.2,2.0,1.9,5.4,0.6,0.2,0.3,0.6
1631170,Jaime Jaquez Jr.,MIA,10.2,5.4,4.9,0.7,0.3,1.0,2.4,20.6,15.1,14.9,11.0,1.3,3.8,1.8,2.6
1630696,Dru Smith,MIA,7.3,2.4,2.6,1.2,0.3,1.5,0.6,12.7,9.3,10.1,4.1,1.7,2.3,1.5,1.7
1628389,Bam Adebayo,MIA,17.2,10.2,3.1,0.8,0.7,1.3,2.0,30.0,26.0,21.7,12.5,2.1,6.9,3.5,4.6
1629639,Tyler Herro,MIA,27.2,4.4,3.2,3.9,0.2,0.9,1.9,36.0,30.7,31.0,7.7,1.1,9.3,3.8,4.3
1642066,Myron Gardner,MIA,0.1,1.7,0.9,0.0,0.2,0.3,0.5,2.9,2.3,1.0,2.4,0.4,0.0,0.0,0.1
1642352,Keshad Johnson,MIA,-0.0,0.7,0.3,-0.0,0.2,0.1,0.2,0.6,0.6,0.1,0.7,0.2,-0.0,0.0,0.0
1642443,Jahmir Young,CHI,2.3,1.9,1.2,0.1,0.2,0.5,0.5,5.6,4.1,3.4,3.3,0.6,0.9,0.2,0.1
203952,Andrew Wiggins,GSW,18.3,5.6,2.6,2.1,0.7,1.2,1.5,26.5,24.0,20.8,8.0,1.9,6.7,2.8,3.8
1626181,Norman Powell,LAC,25.0,3.3,2.5,3.3,0.3,1.0,1.9,30.1,28.2,26.9,6.0,1.4,8.7,4.1,4.7
1642857,Kasparas Jakučionis,MIA,14.1,2.9,3.7,2.9,0.3,1.2,1.4,19.3,15.3,16.2,6.2,1.3,5.0,1.0,0.8
1630558,Davion Mitchell,SAC,12.1,2.3,5.1,2.5,0.2,0.9,1.6,20.2,15.5,16.6,7.1,1.2,4.1,1.5,1.8
1642884,Vladislav Goldin,MIA,2.7,1.1,0.9,-0.1,0.4,0.2,0.4,5.1,4.3,3.4,1.9,0.3,1.4,0.1,0.1
1626220,Royce O'Neale,BKN,11.7,4.6,3.1,3.3,0.4,1.0,1.5,19.2,16.8,14.6,7.4,1.3,4.4,0.1,-0.5
1642346,Ryan Dunn,PHX,9.0,2.5,0.8,1.8,0.4,0.6,0.5,12.6,12.0,9.3,3.8,0.9,2.5,1.7,1.9
1626164,Devin Booker,PHX,24.1,3.8,6.2,2.0,0.3,1.0,2.9,34.3,27.5,30.8,10.1,1.3,8.8,5.0,6.1
1629599,Amir Coffey,LAC,12.0,2.8,1.4,1.7,0.3,0.6,0.8,16.8,15.5,13.3,4.4,0.8,4.4,1.7,1.9
1628415,Dillon Brooks,MEM,16.4,4.0,1.9,1.3,0.2,0.9,1.6,21.5,20.3,20.7,5.9,1.1,5.7,3.0,3.9
1630224,Jalen Green,HOU,10.0,3.2,3.0,1.2,0.3,0.8,1.3,15.1,12.9,11.9,6.1,1.0,3.7,1.8,2.5
1628960,Grayson Allen,MIL,18.4,3.3,4.8,3.4,0.3,1.1,1.8,25.7,20.6,21.1,8.2,1.4,6.1,2.1,2.5
1642863,Khaman Maluach,PHX,-0.2,0.5,0.2,-0.0,0.2,0.1,0.2,0.6,0.4,-0.1,0.9,0.2,-0.1,-0.0,0.1
1642345,Oso Ighodaro,PHX,9.1,5.4,1.9,0.2,0.6,0.9,1.1,17.4,15.1,10.9,7.3,1.6,4.0,1.2,1.5
1631221,Collin Gillespie,DEN,6.4,3.7,3.6,1.3,0.2,1.0,1.3,14.0,10.5,9.4,7.5,1.1,2.7,0.5,0.5
1642886,Koby Brea,PHX,-0.0,0.4,0.4,0.0,0.0,0.1,0.2,0.6,0.3,0.3,0.6,0.1,-0.0,-0.0,0.1
1631109,Mark Williams,CHA,14.5,9.0,1.3,0.0,1.0,0.8,1.2,24.4,23.4,16.3,10.4,2.0,6.2,2.1,3.7
1631123,Jamaree Bouyea,MIA,4.8,1.4,1.4,0.5,0.3,0.5,0.5,7.5,5.7,6.1,2.6,0.8,1.2,1.7,1.9
1630587,Isaiah Livers,DET,-0.1,0.6,0.3,0.0,0.2,0.1,0.2,0.8,0.7,0.2,1.0,0.2,-0.0,0.0,0.0
1642853,Rasheer Fleming,PHX,-0.1,0.6,0.2,-0.0,0.1,0.1,0.1,0.7,0.5,0.4,0.7,0.1,-0.0,0.0,0.0
1630692,Jordan Goodwin,WAS,5.9,4.3,2.1,0.7,0.3,1.4,0.9,12.2,10.3,8.3,5.8,1.6,2.4,0.4,0.3
1630175,Cole Anthony,ORL,4.4,2.2,2.3,0.7,0.3,0.5,0.9,9.2,6.4,7.3,4.9,0.8,1.9,0.3,0.3
1628983,Shai Gilgeous-Alexander,OKC,19.8,4.6,6.4,0.8,0.8,1.2,2.9,30.0,23.6,24.1,11.8,2.7,6.9,5.3,8.6
1642272,Jared McCain,PHI,9.4,2.2,1.7,1.8,0.2,0.6,0.8,13.4,11.5,11.3,3.8,0.7,3.3,1.1,0.6
1629652,Luguentz Dort,OKC,11.9,4.2,1.9,2.4,0.4,1.0,0.9,17.6,16.2,13.7,5.9,1.4,4.2,1.3,1.7
1631119,Jaylin Williams,OKC,14.2,5.6,2.6,2.3,0.7,0.9,1.5,21.4,18.5,16.3,8.4,1.5,5.1,1.6,2.0
1631096,Chet Holmgren,OKC,15.9,9.6,1.6,1.3,1.9,0.6,1.4,25.7,25.3,17.4,10.3,2.4,6.0,2.6,3.4
1631114,Jalen Williams,OKC,13.5,4.3,4.5,0.7,0.5,1.2,1.8,22.9,18.4,18.7,9.1,1.6,5.2,2.2,2.9
1627936,Alex Caruso,CHI,9.3,1.7,2.2,2.0,0.4,1.3,1.0,14.7,12.3,11.4,4.3,1.9,3.2,0.0,0.1
1630198,Isaiah Joe,OKC,14.2,3.4,1.9,2.9,0.3,0.7,0.9,19.6,18.2,16.3,5.2,1.0,5.1,2.0,2.5
1642382,Branden Carlson,OKC,5.0,3.2,0.6,0.9,0.7,0.3,0.4,7.1,7.1,4.7,3.7,1.0,1.9,0.2,0.2
1630598,Aaron Wiggins,OKC,0.7,2.3,1.6,0.2,0.2,0.6,1.1,5.1,2.6,4.1,3.8,1.0,0.2,0.1,0.4
1641717,Cason Wallace,OKC,15.9,3.4,3.7,1.7,0.4,1.9,1.6,21.7,18.3,19.1,7.6,2.4,6.1,1.3,1.1
1642964,Brooks Barnhizer,OKC,7.3,2.7,1.1,0.5,0.2,0.5,0.6,12.3,10.8,9.3,4.2,0.7,2.5,1.4,2.1
1642349,Ajay Mitchell,OKC,16.7,3.1,3.6,1.5,0.3,1.2,2.0,22.4,19.6,20.3,7.1,1.3,6.2,2.5,3.4
1631205,Buddy Boeheim,DET,4.3,2.0,0.7,0.6,0.2,0.3,0.4,7.4,6.4,5.1,3.0,0.5,1.5,0.5,0.6
1629026,Kenrich Williams,OKC,0.3,2.2,1.1,-0.1,0.2,0.4,0.8,3.5,2.3,1.5,2.7,0.5,0.0,0.2,0.4
1628392,Isaiah Hartenstein,NYK,8.5,9.5,4.3,0.1,0.9,1.0,2.4,20.7,17.9,11.8,11.6,2.0,3.2,2.2,3.4
1631246,Vince Williams Jr.,MEM,5.4,2.8,2.8,1.1,0.4,0.8,1.4,9.5,7.0,7.2,5.4,1.2,2.2,0.1,0.1
1641718,Keyonte George,UTA,14.2,3.5,5.6,1.0,0.2,0.8,2.7,23.1,17.2,20.3,9.4,1.0,5.4,3.3,4.3
1642262,Cody Williams,UTA,6.3,2.3,1.1,1.0,0.5,0.6,0.7,11.3,9.6,7.3,3.7,1.2,2.7,0.2,0.1
1642268,Isaiah Collier,UTA,19.3,4.2,8.9,0.9,0.3,1.3,3.1,31.6,23.8,27.7,13.5,1.6,7.7,3.5,4.4
1629004,Svi Mykhailiuk,NYK,13.3,2.3,1.7,2.6,0.2,0.7,0.9,15.9,15.1,13.9,4.0,0.8,4.9,0.7,0.5
1641989,Elijah Harkless,UTA,3.7,0.7,0.5,0.8,0.1,0.6,0.2,4.0,3.0,3.6,1.5,0.6,0.7,1.5,1.6
1642846,Ace Bailey,UTA,16.1,5.1,2.0,1.8,0.6,1.0,1.5,21.8,20.9,18.5,7.2,1.6,5.9,2.4,3.2
1628991,Jaren Jackson Jr.,MEM,18.0,6.4,2.1,1.5,1.8,1.2,2.4,27.0,24.9,20.4,8.8,2.6,6.3,4.4,6.0
1642271,Kyle Filipowski,UTA,13.3,8.4,1.9,1.0,0.4,0.8,1.5,22.6,21.0,16.4,10.1,1.2,5.3,2.2,3.1
1628374,Lauri Markkanen,UTA,21.3,6.9,1.9,2.1,0.6,0.9,2.0,30.1,27.0,23.9,8.4,1.4,7.5,4.7,5.8
1631117,Walker Kessler,UTA,8.6,10.0,2.2,0.5,2.0,0.6,2.0,19.4,16.1,10.0,12.3,2.2,3.2,0.8,1.7
1641729,Brice Sensabaugh,UTA,14.2,3.7,1.8,2.1,0.2,0.6,1.1,19.8,17.9,16.8,5.8,0.9,5.0,2.0,2.5
203994,Jusuf Nurkić,POR,10.8,11.8,4.4,0.8,0.8,1.1,2.1,25.9,23.4,13.9,19.9,1.9,4.2,1.9,2.9
1631131,Oscar Tshiebwe,IND,4.2,4.9,0.5,0.0,0.5,0.5,0.7,9.1,7.9,4.1,5.2,0.6,2.0,0.4,0.5
201567,Kevin Love,CLE,7.9,4.7,1.4,2.3,0.2,0.4,0.7,12.3,11.9,8.9,5.2,0.4,2.6,0.7,0.6
1629723,John Konchar,MEM,0.1,2.4,1.3,0.1,0.3,0.7,0.5,3.4,2.7,0.8,3.9,0.9,0.0,0.0,0.0
1628370,Malik Monk,SAC,17.4,2.5,3.6,3.2,0.4,0.7,1.6,24.1,21.3,20.7,6.8,1.1,5.9,2.6,2.4
1642363,Nique Clifford,SAC,7.6,3.2,2.8,0.7,0.4,1.0,1.7,12.1,9.3,10.1,6.6,1.4,2.7,1.1,1.5
203926,Doug McDermott,SAS,4.3,1.9,1.1,0.9,0.2,0.4,0.4,7.6,6.4,5.0,2.7,0.6,1.7,0.3,0.2
203897,Zach LaVine,CHI,14.0,3.0,2.8,1.6,0.2,0.8,1.6,21.4,15.8,16.6,7.2,1.1,4.9,1.8,2.5
1630173,Precious Achiuwa,TOR,3.5,4.8,1.1,0.2,0.6,0.7,0.7,8.0,7.2,4.3,4.6,1.2,1.8,0.1,0.2
201942,DeMar DeRozan,CHI,7.1,3.0,2.7,0.5,0.3,0.7,1.0,15.5,10.6,9.6,6.9,1.1,2.9,2.8,3.8
1627734,Domantas Sabonis,SAC,17.2,10.3,5.1,0.3,0.5,0.9,3.2,34.6,27.7,21.8,16.0,1.4,6.2,3.4,4.9
1631099,Keegan Murray,SAC,11.3,5.7,1.7,1.2,0.9,0.8,1.3,18.8,19.1,13.4,7.6,1.8,4.1,2.6,3.4
1629631,De'Andre Hunter,ATL,6.5,3.0,1.6,0.6,0.2,0.6,1.2,10.7,8.4,7.2,4.3,0.7,2.2,1.3,1.9
201566,Russell Westbrook,LAL,14.7,4.3,5.8,1.6,0.3,1.3,2.9,26.1,18.8,22.2,11.0,1.5,4.8,2.6,3.7
1629234,Drew Eubanks,POR,5.6,3.5,0.9,0.0,0.7,0.5,0.6,10.2,9.5,6.0,4.3,1.1,2.6,0.3,0.3
1642269,Devin Carter,SAC,10.8,4.3,3.2,0.7,0.3,0.9,1.6,17.8,15.0,14.0,7.5,1.2,3.8,1.7,2.7
1641815,Isaiah Stevens,MIA,2.8,1.5,1.4,0.0,0.2,0.7,0.5,5.8,4.3,4.3,2.9,0.8,0.6,1.0,2.0
1631342,Daeqwon Plowden,ATL,4.9,3.2,1.4,0.5,0.2,0.6,0.8,9.6,7.6,6.2,4.5,0.8,1.8,0.7,1.1
1642928,Dylan Cardwell,SAC,8.5,10.5,1.8,0.0,1.8,1.0,1.2,20.2,18.3,10.2,12.8,2.6,4.0,1.0,1.2
1642875,Maxime Raynaud,SAC,12.4,8.2,1.2,0.1,0.6,0.7,1.3,22.9,20.5,12.9,10.0,1.3,4.9,2.2,3.7
1631128,Christian Braun,DEN,12.9,4.4,2.5,1.4,0.4,0.8,1.3,20.5,18.3,15.7,7.3,1.3,4.8,2.0,3.2
1642938,Curtis Jones,DEN,6.3,2.2,0.9,0.7,0.2,0.4,0.5,10.1,8.9,7.3,3.1,0.7,2.5,0.7,0.9
1631124,Julian Strawther,DEN,13.8,3.6,1.7,1.8,0.3,0.9,1.0,18.3,16.5,15.9,5.6,1.0,5.2,1.9,3.3
1631212,Peyton Watson,DEN,10.6,3.8,2.4,0.9,1.1,0.8,2.1,15.8,13.8,13.7,6.4,2.0,3.7,2.1,3.2
203501,Tim Hardaway Jr.,DAL,14.9,3.8,1.6,2.6,0.2,0.6,0.7,20.8,19.6,16.8,5.5,0.9,5.1,2.1,2.7
1628971,Bruce Brown,DEN,0.4,2.6,1.3,0.1,0.3,1.0,0.9,4.5,3.0,1.4,4.1,1.1,0.2,0.0,-0.1
1641747,DaRon Holmes II,DEN,0.0,0.5,0.3,-0.0,0.1,0.1,0.2,0.7,0.4,0.2,0.7,0.2,-0.0,0.0,0.0
203999,Nikola Jokić,DEN,28.1,12.7,10.2,1.9,0.9,1.4,3.5,47.1,38.7,40.2,25.7,2.3,10.1,5.2,7.0
202685,Jonas Valančiūnas,NOP,11.1,6.6,1.7,0.2,0.9,0.4,1.2,19.9,18.4,13.0,8.5,1.4,4.7,1.7,1.9
1642461,Spencer Jones,DEN,-0.1,1.9,0.6,0.0,0.3,0.5,0.4,2.2,2.2,0.1,2.6,0.9,-0.0,-0.0,-0.0
1630192,Zeke Nnaji,DEN,-0.1,0.8,0.2,-0.0,0.3,0.1,0.2,1.0,1.1,0.1,1.0,0.4,-0.0,0.0,0.1
1629661,Cameron Johnson,PHX,15.8,3.3,2.1,3.7,0.3,0.8,1.0,20.6,19.0,16.7,5.8,1.0,5.9,0.5,0.5
1629618,Jalen Pickett,DEN,4.2,2.1,2.2,0.6,0.2,0.5,0.7,8.1,6.4,5.7,3.6,0.7,1.6,0.3,0.4
1627750,Jamal Murray,DEN,22.9,4.1,7.9,1.8,0.4,1.1,2.4,32.7,25.9,31.6,11.9,1.4,7.9,4.2,5.5
203932,Aaron Gordon,DEN,15.2,6.2,3.4,1.2,0.5,0.8,1.3,22.7,20.9,17.8,9.5,1.1,5.9,2.6,4.0
1642942,Jahmai Mashack,MEM,12.5,2.5,2.0,2.0,0.5,1.6,1.0,18.1,15.6,16.2,5.5,2.3,4.3,1.5,1.9
1642377,Jaylen Wells,MEM,11.3,3.5,1.8,1.7,0.2,0.7,1.2,16.8,15.3,12.9,5.2,0.9,4.0,2.1,2.9
1641707,Taylor Hendricks,UTA,8.5,4.5,1.4,0.9,0.4,0.7,0.9,15.7,13.9,10.6,6.2,1.3,2.9,1.5,2.3
1630590,Scotty Pippen Jr.,LAL,17.8,2.9,5.2,2.7,0.4,1.5,1.9,26.7,20.5,23.7,8.0,2.0,6.5,2.1,2.2
203937,Kyle Anderson,MIN,10.9,4.2,3.2,0.5,0.8,1.0,1.2,18.0,16.0,14.6,7.3,1.7,4.1,1.7,2.4
1629660,Ty Jerome,GSW,19.7,2.4,4.7,2.3,0.2,0.8,2.0,28.5,22.9,26.6,7.3,1.0,7.1,3.9,5.4
203484,Kentavious Caldwell-Pope,DEN,16.8,2.6,2.5,2.2,0.4,1.1,1.2,22.1,20.1,19.7,5.2,1.5,6.4,2.4,3.2
1630583,Santi Aldama,MEM,10.5,6.3,2.2,1.0,0.7,0.7,1.3,18.9,17.7,11.9,8.9,1.4,3.8,2.2,3.9
1642914,Javon Small,MEM,8.8,3.9,3.5,0.9,0.3,0.8,1.5,15.6,13.4,12.4,7.1,1.0,3.4,1.3,1.7
1629630,Ja Morant,MEM,23.1,3.8,6.3,1.8,0.3,1.0,3.6,35.2,27.6,30.6,11.8,1.4,8.2,5.8,6.6
1642383,Walter Clayton Jr.,UTA,8.5,2.5,3.7,0.8,0.3,0.8,1.7,14.2,11.1,12.1,6.3,1.0,3.1,1.6,2.1
1641744,Zach Edey,MEM,11.0,10.4,1.3,0.1,1.7,0.6,1.7,22.4,22.4,12.8,11.8,2.7,4.5,2.4,3.5
1629634,Brandon Clarke,MEM,3.8,4.2,0.9,-0.0,0.5,0.6,0.6,8.1,7.4,4.2,4.6,1.0,2.0,0.1,0.0
1641765,Olivier-Maxence Prosper,DAL,16.8,4.6,1.2,2.6,0.3,0.7,1.0,22.2,21.7,17.3,5.6,1.0,5.3,2.7,4.1
1642907,Cedric Coward,MEM,8.5,4.9,2.7,0.9,0.5,0.6,1.7,16.2,13.7,11.2,7.6,1.1,3.4,0.5,0.6
1642285,Cam Spencer,MEM,2.4,2.2,4.4,0.1,0.2,0.7,1.6,8.2,3.9,6.3,6.8,0.8,0.9,0.8,1.0
1641713,GG Jackson,MEM,12.6,5.1,1.9,1.8,0.7,0.8,1.2,18.8,17.8,13.8,7.2,1.5,4.5,1.8,2.2
1627780,Gary Payton II,POR,5.6,4.6,1.3,0.6,0.4,0.9,1.0,10.9,9.2,6.7,6.0,1.3,2.2,0.9,1.6
1641764,Brandin Podziemski,GSW,10.6,4.6,3.8,1.0,0.3,0.9,1.7,19.3,16.1,15.8,8.7,1.2,4.0,1.4,1.8
1642954,Will Richard,GSW,4.1,1.3,1.4,1.4,0.2,0.7,0.6,6.5,4.8,5.4,2.0,0.9,1.4,-0.0,-0.1
1630541,Moses Moody,GSW,17.5,4.0,1.7,3.8,0.5,0.9,1.1,23.7,21.3,19.9,6.0,1.5,6.4,1.5,1.8
204001,Kristaps Porziņģis,WAS,15.6,5.2,2.2,1.3,1.3,0.7,1.2,25.8,22.3,17.3,7.3,1.9,5.7,3.1,3.7
1629001,De'Anthony Melton,PHI,8.3,3.2,2.4,0.8,0.6,1.6,1.4,14.3,11.5,10.3,5.2,2.2,3.4,1.3,2.2
202710,Jimmy Butler III,MIA,21.6,5.9,4.6,0.8,0.3,1.1,1.8,32.0,25.8,26.5,10.1,1.8,8.3,6.7,8.7
1630611,Gui Santos,GSW,17.0,5.2,3.4,2.7,0.6,1.3,2.0,30.9,23.5,24.8,9.3,1.8,6.3,2.5,2.9
1643018,LJ Cryer,GSW,4.9,1.2,0.8,1.4,0.2,0.3,0.4,5.7,4.9,4.6,1.9,0.4,1.6,0.1,-0.0
201143,Al Horford,BOS,13.0,6.0,2.9,1.8,0.9,0.7,1.2,20.5,19.0,15.7,8.8,1.7,4.7,0.9,1.0
1642366,Quinten Post,GSW,0.1,1.5,0.4,0.0,0.3,0.1,0.3,2.0,1.7,0.4,1.7,0.3,0.0,-0.0,0.0
203110,Draymond Green,GSW,10.1,3.7,4.5,2.3,0.6,1.0,1.8,19.7,13.8,16.8,8.7,1.6,4.0,0.2,0.5
201939,Stephen Curry,GSW,22.8,3.2,4.9,4.1,0.4,1.1,2.2,35.3,29.9,29.0,9.2,1.7,8.3,4.6,4.1
203552,Seth Curry,BKN,-0.2,0.6,0.6,-0.0,0.1,0.2,0.3,0.6,0.6,0.7,1.5,0.2,-0.0,0.0,-0.1
1642502,Malevy Leons,OKC,-0.0,0.8,0.2,0.0,0.1,0.1,0.2,0.9,0.7,0.2,0.9,0.2,-0.0,0.0,0.1
1630311,Pat Spencer,GSW,14.5,4.0,4.9,2.1,0.2,1.3,2.6,27.8,19.7,25.1,9.0,1.5,5.0,2.4,3.8
1629162,Jordan McLaughlin,MIN,8.6,2.1,1.6,1.5,0.2,0.7,0.6,11.5,10.7,10.8,4.0,0.9,3.1,0.6,0.3
1641705,Victor Wembanyama,SAS,29.3,11.2,2.9,3.1,3.0,1.0,2.9,44.1,38.8,36.1,13.6,4.0,10.4,5.6,5.8
1642844,Dylan Harper,SAS,15.3,3.7,3.6,1.1,0.5,0.9,1.6,21.7,19.0,20.6,7.4,1.4,5.9,2.3,3.1
1629640,Keldon Johnson,SAS,5.4,4.3,1.9,0.5,0.3,0.6,0.9,12.0,10.6,6.7,5.6,0.8,2.1,0.9,1.2
1628368,De'Aaron Fox,SAC,16.1,3.8,6.5,1.7,0.3,1.4,2.3,28.1,19.8,23.9,10.7,1.7,6.0,3.1,3.9
1642264,Stephon Castle,SAS,15.7,4.1,6.6,2.7,0.4,1.8,2.9,22.1,17.2,18.6,10.5,2.1,7.9,0.9,0.6
1628436,Luke Kornet,BOS,5.9,7.1,1.8,-0.0,1.0,0.6,0.7,14.2,12.9,7.8,8.5,1.5,3.0,0.3,0.4
203482,Kelly Olynyk,UTA,7.1,2.8,1.6,0.6,0.3,0.6,0.7,12.2,10.5,7.9,4.4,1.0,3.0,0.4,0.1
1631110,Jeremy Sochan,SAS,-0.0,0.8,0.5,-0.0,0.2,0.2,0.3,1.0,0.8,0.6,1.2,0.3,0.0,0.0,0.1
1642868,Carter Bryant,SAS,9.6,4.0,1.2,1.6,0.4,0.6,0.8,14.3,13.8,11.2,5.4,1.2,3.6,1.2,1.9
1630649,Stanley Umude,DET,-0.1,0.5,0.2,0.0,0.1,0.1,0.2,0.5,0.2,0.2,0.6,0.2,-0.0,0.0,0.0
202687,Bismack Biyombo,PHX,0.0,1.9,0.3,-0.0,0.4,0.1,0.3,2.5,1.2,0.3,2.4,0.4,0.0,0.0,0.1
1630170,Devin Vassell,SAS,19.0,3.9,2.6,3.3,0.4,1.0,1.2,23.9,21.8,20.7,6.3,1.5,6.7,1.7,2.0
1642357,David Jones Garcia,SAS,-0.1,0.5,0.8,-0.0,0.0,0.2,0.3,1.1,0.2,0.8,1.2,0.2,-0.0,0.0,0.0
1630577,Julian Champagnie,PHI,9.5,4.6,1.3,1.4,0.5,0.8,0.8,14.5,14.2,9.6,6.2,1.2,3.0,1.2,1.4
203084,Harrison Barnes,SAC,17.3,2.9,1.9,4.2,0.3,0.6,0.9,22.6,20.9,18.6,4.4,0.8,6.0,1.6,2.0
1630322,Lindy Waters III,OKC,0.0,0.4,0.2,0.0,0.1,0.1,0.1,0.6,0.4,0.1,0.5,0.1,-0.0,-0.0,0.0
1631127,Harrison Ingram,SAS,2.8,0.8,0.3,0.2,0.1,0.2,0.2,4.0,3.7,2.9,1.1,0.2,1.4,0.0,0.0
